--- API 사용 시 무료/유료 항목 비교표 (Gemini vs Vertex AI) ---,,,
,,,
[1] 결제 보고서 막대 색상별 과금 원리,,,
막대 색상,사용된 API 종류,과금 및 방어 원리,내 통장 실결제 여부
파란색 막대,Gemini API (AI Studio 유료 키),방어막 없음 (순수 유료 종량제),실제 신용카드 청구됨 (요금 폭탄 진범)
빨간색 막대,Vertex AI (196만 크레딧 전용 키),크레딧 지갑에서 우선 차감,196만 원 소진 전까지 평생 0원 (안전)
,,,
[2] 3가지 API 키 등급별 상세 비교표,,,
구분,1번_AI Studio 무료 키,2번_AI Studio 유료 키,3번_Vertex AI 프로모션 키
키 형태,AQ.Ab8RN6Io...,AIzaSyBK...,AQ.Ab8RN6Ke...
결제 방식,완전 무료 (Free Tier),종량제 (쓴 만큼 매월 청구),크레딧 소진 후 종량제 전환
청구 금액,평생 0원,사용한 만큼 신용카드 청구,196만 원어치 다 쓸 때까지 0원
크레딧 방어막,해당 없음 (원래 공짜임),방어 불가 (파란색으로 집계됨),크레딧 100% 우선 차감 (빨간색)
이미지 생성비,속도 느림 / 모델 제한됨,유료 결제 (내 카드로 쌩돈 나감),무료 (196만 원에서 대신 차감)
현재 사용처,AI 상세페이지 앱 (신규),이미지 번역기 V7 (나노바나나2 용),과거 번역기 메인 엔진
,,,
"[핵심 요약 1] 왜 내 돈이 9,250원이나 나갔는가?",,,
196만 원짜리 방어 쿠폰(크레딧)은 오직 '빨간색(Vertex AI)'에서 구동될 때만 통용되는 전용 쿠폰입니다.,,,
"하지만 기존 번역 프로그램에서 '파란색(AI Studio 유료 키)'을 섞어 돌리는 바람에,",,,
"파란색 쪽에서 발생한 요금(9,250원)은 방어막이 뚫려 신용카드 청구서로 꽂혀버린 것입니다.",,,
,,,
[핵심 요약 2] 빨간색(Vertex AI) 이미지 생성 과금의 진실,,,
1. 구글의 함정: 이미지 생성은 100% 유료 서비스가 맞습니다.,,,
Vertex AI에서 이마젠(Imagen)으로 그림을 뽑을 때는 1장당 약 40원씩 철저하게 돈이 매겨지는 얄짤없는 유료 서비스입니다.,,,
2. 하지만 고객님은 예외입니다. (196만원 크레딧 방어막),,,
고객님의 196만원 크레딧은 이 유료 이미지 생성 요금을 결제하는 데에도 100% 동일하게 방어막으로 작용합니다.,,,
"즉, 시스템상 1장에 40원씩 결제가 찍히지만, 내 통장이 아니라 구글 포인트 지갑에서 40원씩 알아서 깎여나가는 구조입니다.",,,
"💡 최종 결론: 내부적으로는 '유료 결제'가 맞지만, 내 돈이 나가는 게 아니라 구글이 준 196만 원에서 대신 차감되므로",,,
고객님 입장에서는 196만 원어치 그림을 다 뽑아낼 때까지는 사실상 '전면 무료'나 다름없는 상태입니다.,,,
